city,n_layers,n_neurons,activation,dropout,epochs,mse,mae
champaign,3,32,Sigmoid,0.2,20000,0.014286306,0.070648715
champaign,3,512,Sigmoid,0.2,20000,0.010200148,0.055045433
dtchicago,3,512,Sigmoid,0.2,20000,0.028625568,0.084127314
dtchicago,3,32,Sigmoid,0.4,20000,0.024299964,0.07653711
dtchicago,3,128,Sigmoid,0.4,20000,0.025585046,0.07963528
dtchicago,3,32,Sigmoid,0.2,20000,0.024328094,0.07831877
dtchicago,3,32,SELU,0.4,20000,0.023861876,0.07734639
dtchicago,3,32,SELU,0.2,20000,0.02448642,0.07850455
